,Date,Content
0,2023-03-01 20:56:02+00:00,"@DavidJBrown19 @wilnerhotline He said it could be a combination of Amazon, apple, ESPN &amp; even a potential 4th mystery media partner. Regardless, bringing us in at a reduced share is the easiest way to get the other 10-members more $$ per year. It‚Äôs common practice"
1,2023-03-01 20:53:29+00:00,"Enjoy my new track 
#distrokid #spotify #playlist #playlists 
#amazon #apple #itunes #music

https://t.co/6YPmRYPZeB"
2,2023-03-01 20:52:14+00:00,"@ursademort I don't think there's a blue ray...sadly. But, I think Apple TV and Amazon have the series to stream."
3,2023-03-01 20:47:36+00:00,"We want to save our earth and humanity here.  The lifestyle of the world will change and my company's project will grow fastest in the world like Apple, Microsoft, Amazon, Google, Facbk, Tesla, Reliance, Tata, Mahindra and no one in the world has started such a project.Only once https://t.co/gwQBbSJW0D"
4,2023-03-01 20:46:13+00:00,"Enjoy my new track 
#distrokid #spotify #playlist #playlists 
#amazon #apple #itunes #music

https://t.co/oY9fZosrhl"
5,2023-03-01 20:45:40+00:00,@NaheedD it‚Äôs the free market.  Are we going to tell oil companies how much they can make or Apple or Amazon.  The thing we should be pushing for is better wages for companies like these
6,2023-03-01 20:44:03+00:00,"A SOUNDCAST SAMPLER! Epi343 &amp; @RevT23 serve up a Valentine's Day treat of 3 soundcast clips from Life is Short with Justin Long, CineNation and High Low with Emrata! https://t.co/BuKMYSXzqr, Apple &amp; Google Podcasts, Amazon Music, Audible, iHeartRadio, Spotify &amp; more! https://t.co/RfU6iGMTPf"
7,2023-03-01 20:43:58+00:00,"Enjoy my new track 
#distrokid #spotify #playlist #playlists 
#amazon #apple #itunes #music

https://t.co/OpLtvbPaFE"
8,2023-03-01 20:41:02+00:00,"Available for Pre-Order on iTunes NOW! 

iTunes Pre-Order link: https://t.co/aCiMNtmyM5

Coming to Google Play, Amazon, YouTube, Xbox, and Microsoft on March 7th, 2023! 

#thekiller #thekillerVOD #janghyuk #apple #iTunes #googleplay #amazon #youtube #xbox #microsoft #preorder https://t.co/PFtQNnbXIr"
9,2023-03-01 20:40:48+00:00,"@CriddleBenjamin lol at the Pac 12.
Have you listened to Ourand and Marchand?
Amazon doesn't want tonnage.
ESPN can take or leave that content because they are being a lot more choosy (under orders from Disney).
Meanwhile, Apple is notoriously standoffish.
Kliavkoff is fooked. 
It'll be streaming https://t.co/Yav0Dzl4WV"
10,2023-03-01 20:40:01+00:00,"My #HVAC #books on Apple Books  https://t.co/20arLSAee1
also found on Amazon and google books
Please share 1 https://t.co/I8v6SkdHSc"
11,2023-03-01 20:38:59+00:00,"We are excited to reveal the sizzling¬†cover for MEANT FOR ME¬†by @Author_ClaudiaB coming May 16!¬†
¬†
#PreOrderHere
Amazon ‚û∫ https://t.co/MVEXsdkzCk
Apple Books ‚û∫ https://t.co/9ARPpcildT
Nook ‚û∫ https://t.co/0rjDDSmzrf
Kobo ‚û∫ https://t.co/aSIGlxZpet https://t.co/DM1kDmglEG"
12,2023-03-01 20:37:58+00:00,"Enjoy my new track 
#distrokid #spotify #playlist #playlists 
#amazon #apple #itunes #music

https://t.co/ipiXa5CPjc"
13,2023-03-01 20:37:53+00:00,@Nouman_one @ShibaInuWarri0r @LucieSHIB @BlackRock @Vanguard_Group @StateStreetGA @Fidelity @CapitalGroup @Apple @Microsoft @Google @amazon @Tesla This is a story about 1.3 million fools and a smart man. üòÇ
14,2023-03-01 20:36:19+00:00,Amazon &amp; Apple with all these charges on these random days gahhh damnnnn üôÑ
15,2023-03-01 20:33:43+00:00,"Enjoy my new track 
#distrokid #spotify #playlist #playlists 
#amazon #apple #itunes #music

https://t.co/16APJAj9mA"
16,2023-03-01 20:32:09+00:00,"Are you seeing a rise in job #recruitmentscams?¬†Our latest 2023 ""Off The Cuff"" #podcast covers this concern plaguing both job seekers &amp; employers alike.
Listen via Spotify:¬†https://t.co/ioOgRVwCN6 
Or tune in via:¬†Apple:¬†https://t.co/3cEH8WbuHc¬†Amazon:¬†https://t.co/GrpnGPuyrZ https://t.co/ZlPP2sSr04"
17,2023-03-01 20:31:31+00:00,"Enjoy my new track 
#distrokid #spotify #playlist #playlists 
#amazon #apple #itunes #music

https://t.co/inLjA9DeRU"
18,2023-03-01 20:30:58+00:00,"Enjoy my new track 
#distrokid #spotify #playlist #playlists 
#amazon #apple #itunes #music

https://t.co/dH5tVuZTeg"
19,2023-03-01 20:24:45+00:00,"Top 10 streaming services:
1. Netflix
2. Apple TV+
3. Amazon Prime Video
4. SkyShowtime
5. Paramount+
6. Peacock
7. Hulu
8. Tubi
9. HBO Max
10. Disney+

Honorary mention:
Pluto TV"
20,2023-03-01 20:23:28+00:00,@PatrioticPizzas It's not Los Angeles it's a bunch of black people gang robbing an Amazon truck. Same black people robbing Apple stores and clothing stores. If this were white people they would be called racist. Speak the truth done be afraid to say what is real. They are the privileged blacks!
21,2023-03-01 20:19:23+00:00,"@GamexScientist @Dexerto Microsoft, apple and Amazon have been hand feeding your info to the US government for decades, with access to even more information because of regional access"
22,2023-03-01 20:17:03+00:00,"@DavidPoland A little easier to navigate Apple's content since they have so little.
Trying to find out what new movies have been added to Amazon, Hulu, etc. each month is pretty daunting unless you have a ""What's New On..."" guide.
Or a s**tload of free time to mindlessly scroll."
23,2023-03-01 20:14:28+00:00,"Enjoy my new track 
#distrokid #spotify #playlist #playlists 
#amazon #apple #itunes #music
https://t.co/g3pQYvoNBX"
24,2023-03-01 20:14:04+00:00,"Taking submissions and spinning playlists across Apple, Deezer, Amazon, Tidal &amp; YouTube! Check this one out 

https://t.co/uRuAa6XwoG https://t.co/aRfVUMEyrz"
25,2023-03-01 20:09:58+00:00,"Enjoy my new track 
#distrokid #spotify #playlist #playlists 
#amazon #apple #itunes #music

https://t.co/b781A724NH"
26,2023-03-01 20:08:39+00:00,"Is Samsung about to make a similar tech mistake to Google, Amazon, and Apple?

Leadership Lessons in Category Failure around Health &amp; Fitness Tracking Wearables

#Fitness #Wearables #Samsung #Apple #Google #Amazon #CategoryDesign #Health #Wellness #Leadership #LegendaryLeadership https://t.co/i6h8hHmKFb"
27,2023-03-01 20:06:21+00:00,"Apple MagSafe Duo - Wireless Charger with Fast Charging Capability, Type C Wall Charger, Compatible with iPhone, AirPods and Watch https://t.co/khREtiaIyV via @amazon"
28,2023-03-01 20:03:59+00:00,"Enjoy my new track 
#distrokid #spotify #playlist #playlists 
#amazon #apple #itunes #music

https://t.co/efTLhDa1E1"
29,2023-03-01 20:03:19+00:00,Apple AirTag Leather Key Ring - Forest Green https://t.co/7hRnNybMSU via @amazon
30,2023-03-01 20:03:00+00:00,"You can stream the rest of this podcast on Spotify, Apple, Google, Amazon or wherever you find your podcasts! üéß

https://t.co/oJXYavY8Uh"
31,2023-03-01 20:02:37+00:00,"RT @ReesBoxing89: The @BoxingNewsED pod on its way! 

@alexsteedman &amp; @MattCBoxingNews bring you everything you need to know from the world of boxing. 

Listen on Spotify, Apple and Amazon music every week! https://t.co/cVvtoO1K00"
32,2023-03-01 20:02:08+00:00,Apple AirTag Leather Key Ring - California Poppy https://t.co/fQpi8Z6JVx via @amazon
33,2023-03-01 20:01:32+00:00,@Dividend_Dollar Microsoft or Apple or Amazon.
34,2023-03-01 20:00:30+00:00,"Enjoy my new track 
#distrokid #spotify #playlist #playlists 
#amazon #apple #itunes #music

https://t.co/2pqKmINzhg"
35,2023-03-01 20:00:17+00:00,"Enjoy my new Album
#distrokid #spotify #playlist #playlists 
#amazon #apple #itunes #music

https://t.co/fADim2nMdk https://t.co/5hpsLcddNX"
36,2023-03-01 20:00:15+00:00,"Enjoy my new track 
#distrokid #spotify #playlist #playlists 
#amazon #apple #itunes #music

https://t.co/WfjGyLLcjn"
37,2023-03-01 19:59:29+00:00,"Enjoy my new track 
#distrokid #spotify #playlist #playlists 
#amazon #apple #itunes #music

https://t.co/Hq4gWiFjnn"
38,2023-03-01 19:57:14+00:00,"Enjoy my new track 
#distrokid #spotify #playlist #playlists 
#amazon #apple #itunes #music

https://t.co/ffegpDPXxy"
39,2023-03-01 19:56:02+00:00,In the news: Alphabet VC names female leader; Ring exec quits Amazon; API for ChatGPT; Apple trade-ins; TikTok time limit | WRAL TechWire https://t.co/QLAcQC3NdK
40,2023-03-01 19:55:20+00:00,Apple AirTag 4 Pack https://t.co/S9cBvBABbS via @amazon
41,2023-03-01 19:55:15+00:00,"Enjoy my new track 
#distrokid #spotify #playlist #playlists 
#amazon #apple #itunes #music

https://t.co/FT7tWmzFQi"
42,2023-03-01 19:54:58+00:00,"Enjoy my new track 
#distrokid #spotify #playlist #playlists 
#amazon #apple #itunes #music

https://t.co/XfwJEzSY3Z"
43,2023-03-01 19:51:57+00:00,"NEW episode on @bmeado9 OUT NOW. 

50+ Episodes about your kids favourite players, clubs and tournaments. Fact, stat and story filled inspirational podcasts for kids who are bonkers about football. 

Spotify, Amazon and Apple podcasts. https://t.co/ZfkmijmcEm"
44,2023-03-01 19:51:07+00:00,In the news: Alphabet VC names female leader; Ring exec quits Amazon; API for ChatGPT; Apple trade-ins; TikTok time limit #WRALTechWire https://t.co/pnKTNXXctY
45,2023-03-01 19:46:59+00:00,"@w_s_bitcoin Tsla, apple, amazon, google, XOM"
46,2023-03-01 19:42:07+00:00,"Amazon Deal Found

Apple 2023 Mac Mini Desktop Computer M2 chip with 8‚Äëcore CPU and 10‚Äëcore GPU, 8GB Unified Memory, 256GB SSD Storage, Gigabit Ethernet. Works with iPhone/iPad
Price: $549
https://t.co/wTJ1q3QtOl

#deals #amazon #free"
47,2023-03-01 19:41:18+00:00,"StrangeCast can be accessed on the following podcast services (among many others!) below. üëá

üü¢ Spotify: https://t.co/nNT4xkKEOn
üü£ Apple Podcasts: https://t.co/mGZwwfh0qb
üü° Google Podcasts: https://t.co/1RBsAkUKBB
üîµ Amazon Music: https://t.co/hc4QKVHihG https://t.co/vwzyLX6dRM"
48,2023-03-01 19:40:13+00:00,"Enjoy my new track 
#distrokid #spotify #playlist #playlists 
#amazon #apple #itunes #music

https://t.co/NCZuDziBnv"
49,2023-03-01 19:39:31+00:00,"Episode 18 of the ‚ÄúStory/Life‚Äù Podcast is now up! Check it out through one of these links‚Ä¶

Apple Podcasts: https://t.co/LKf2rf7JAg
Spotify: https://t.co/wOLvqT69k6
Amazon Music: https://t.co/G15qYqeuDE

‚Ä¶or wherever you get your podcasts. üòä #writer #actor #filmmaker #podcast https://t.co/HiXJbN4gmb"
50,2023-03-01 19:38:35+00:00,"@Dvls6691 As much as that still wouldn't happen it would at least be a smarter option tactically for ps. They'd be far more dangerous in the hands of an Amazon or an Apple.

Msft selling Xb was dumb in every way üòÑ"
51,2023-03-01 19:38:04+00:00,"#Bitcoin¬† was the fastest $1 trillion asset! üöÄ

Microsoft: 44 years
Apple: 42 years
Amazon: 24 years
Google:  21 years
Bitcoin: 12 years"
52,2023-03-01 19:35:59+00:00,@hotsmoovy Apple Music and amazon
53,2023-03-01 19:33:36+00:00,@doc_ochs Yes Amazon has done alot of great things culturally to prevent problems like this IMHO. Early Google (2003-2011 era roughly) also had some good ways of combatting these problems. Apple with their Directly Responsible Individual (DRI) has also done well culturally.
54,2023-03-01 19:26:25+00:00,"#CoverReveal

CHARM ME (The Donovans) by @SamanthaChase3 

Releasing May 23, 2023

Amazon: https://t.co/Hs89bfIXSD
Apple: https://t.co/Ybn7uGNoeP
Nook: https://t.co/of2Jeu8EVX
Kobo: https://t.co/y0Dgmi4Z8l
Google: https://t.co/fv9WYjJ7zI

Add to Goodreads: https://t.co/Qp8JpWmb3B https://t.co/vBkgWQitEE"
55,2023-03-01 19:25:28+00:00,"Enjoy my new track 
#distrokid #spotify #playlist #playlists 
#amazon #apple #itunes
https://t.co/3vNt715GRt"
56,2023-03-01 19:21:51+00:00,"#CoverReveal

CHARM ME (The Donovans) by @SamanthaChase3 

Releasing May 23, 2023

Amazon: https://t.co/8iccqEwDxb
Apple: https://t.co/vhESN4Y0uv
Nook: https://t.co/jfiZHdUxAM
Kobo: https://t.co/icF9FDYdGW
Google: https://t.co/O3d1D5COPZ

Add to Goodreads: https://t.co/Tlyoy8Pz2a https://t.co/EqmrhAWHGD"
57,2023-03-01 19:21:07+00:00,Kindle and Amazon. A model from Apple. I'm very funny book?
58,2023-03-01 19:20:59+00:00,"Enjoy my new track 
#distrokid #spotify #playlist #playlists 
#amazon #apple #itunes #music

https://t.co/NXYKYuLw2L"
59,2023-03-01 19:17:03+00:00,"@averykimball sure but they do not in fact enforce patents against startups. like go look up how many ip lawsuits google/apple/amazon etc *initiate* vs being the defendants in. its considered extremely poor pr to actually use these patents, it's only trolls and legacy companies like oracle/ibm"
60,2023-03-01 19:15:31+00:00,"SPARITUAL Apple Fruit FAREWELL VEGAN NAIL TREATMENT | Protect Against Nail Damage 0.5oz (0.5 Fl Oz) #Amazon
https://t.co/v4rur9r1J4"
61,2023-03-01 19:12:15+00:00,"Listen Live:

Go to https://t.co/enN5EUKFFr

OR

Call in at (717)908-1834, Access Code 895455#

Listen On Demand:

Spotify, iHeart Radio, Amazon Music, Audible, Google Podcasts, Spreaker, Podcast Addict, Stitcher, Apple

#kingdombusiness #christianbusiness #marketplaceministry https://t.co/f2r6qZzq3M"
62,2023-03-01 19:11:37+00:00,"@CJFerguson1111 @htown_Joe They are likely under the copyright law - and copyright belongs to the publisher. Distribution partners like Amazon will not really rebel, even if the cause is right. Some companies like Apple may do that later if this plays like a good PR move."
63,2023-03-01 19:11:22+00:00,"2021 Apple iPad Pro (12,9 inch, wifi, 2 TB), zilver (5 generatie) https://t.co/Q3MFjIXlLg #Amazon via @Amazon"
64,2023-03-01 19:10:45+00:00,"Enjoy my new track 
#distrokid #spotify #playlist #playlists 
#amazon #apple #itunes #music

https://t.co/QwCqV23e8K"
65,2023-03-01 19:10:10+00:00,He lost everything ‚Äì revenge would be his. #Scottish #books #romance #RomanceReaders #ebooks #amreading #readingromance #readerscommunity  #Scotland AMAZON ‚Äì https://t.co/0ihv3tE3cN NOOK ‚Äì https://t.co/yKuemsNN39 APPLE ‚Äì https://t.co/Ynnjo8ywGf KOBO - https://t.co/MULQ8Ts54Q https://t.co/Zqapf78ghh
66,2023-03-01 19:08:58+00:00,"Twitter is officially off my monthly subscriptions. YouTube,Amazon,Apple Music,Crunchyroll,iCloud+ is on my list."
67,2023-03-01 19:06:52+00:00,"2021 Apple iPad Pro (12,9 inch, wifi + mobiel, 2 TB), space grey (5 generatie) https://t.co/QDHFHmEfe5 #Amazon via @Amazon"
68,2023-03-01 19:06:28+00:00,"Enjoy my new track 
#distrokid #spotify #playlist #playlists 
#amazon #apple #itunes #music

https://t.co/R7eJebRXdK"
69,2023-03-01 19:04:24+00:00,"Like Itüëç from Wearable Technology in Amazon

SalesRank No.239üòâ

Apple Watch SE (2nd Gen) [GPS 44mm] Sma‚Ä¶

WHY APPLE WATCH SE ‚Äî All the essentials to help you monitor your fitnes‚Ä¶

https://t.co/O93vfPh3qL"
70,2023-03-01 19:04:03+00:00,"Like Itüëç from Televisions &amp; Video in Amazon

SalesRank No.2üòâ

[Apple MFi Certified] iPhone Fast Charg‚Ä¶

20W output is designed to provide the maximum charge to iPhone 14/14 Plu‚Ä¶

https://t.co/0Ubt74IDBm"
71,2023-03-01 19:02:57+00:00,"Cloud gaming service on its one-year anniversary 
#SEO #Google #Apple  #IOS #cybersecurity #Robotics #AI 
https://t.co/9b7R8IeoyB

You don‚Äôt need a console to play console games. Amazon Luna+ lets Mac, iPad and iPhone play top-quality titles with an external contro... https://t.co/RzP3Awu8B4"
72,2023-03-01 19:02:07+00:00,@wilnerhotline Do you still see a situation where pac12network gets sold to Amazon/Apple as part of the streaming partnership?  An intriguing part of streaming is the lack of need of traditional broadcast windows + possibility of watching the games archived after the fact
73,2023-03-01 19:02:02+00:00,Apple's sleek and powerful iPad Air 5 (2022) returns to its best price on Amazon. Both Wi-Fi and cellular models of the table get huge $100 discount. (This is a preview - click here to read the entire entry.) https://t.co/6WjeJRRwmG
74,2023-03-01 19:02:00+00:00,"""John Sinclair: Demon Hunter"" Vol. 9 eBook - Out Now!

JNC: https://t.co/wKLvQnhdtQ
BOOKWALKER: https://t.co/hDa9nv5gG6
Nook: https://t.co/sKN9uDcqQn
Amazon: https://t.co/gOoxQOqRGh
Google: https://t.co/7fEajbc2Gm
Apple: https://t.co/QJ1HuEN6KX
Kobo: https://t.co/M1VoMFslCk https://t.co/om19Qg3Aud"
75,2023-03-01 19:01:55+00:00,"Apple got Apple music
Google got YouTube music
Amazon got Prime music
What Microsoft got? Activist on lmfao"
76,2023-03-01 19:00:29+00:00,"Enjoy my new track 
#distrokid #spotify #playlist #playlists 
#amazon #apple #itunes #music

https://t.co/FCv16pdp6T"
77,2023-03-01 19:00:14+00:00,"Enjoy my new track 
#distrokid #spotify #playlist #playlists 
#amazon #apple #itunes #music

https://t.co/pMZ6CGb13a"
78,2023-03-01 19:00:01+00:00,"No Scary Clowns here! Only GRAVE DANGERS‚Ä¶

https://t.co/PZvQhsRa1g

#gravedangers #amazon #Nook #Apple https://t.co/BxpvwCoC1s"
79,2023-03-01 18:59:35+00:00,"Episode 16 of The Sikh Network Podcast is available on the following platforms ‚¨áÔ∏è

SPOTIFY
https://t.co/fsjfu92qNj

AMAZON
https://t.co/iNmIRPCVtm

APPLE
https://t.co/zPqmapKiD9

GOOGLE
https://t.co/PhTvM2xSo8

BUZZSPROUT
https://t.co/eCz1AJ2Lo5 https://t.co/Qu1Zf556TN"
80,2023-03-01 18:58:59+00:00,begging apple to stop the fucking ads on apple tv+. stop being amazon
81,2023-03-01 18:58:24+00:00,"#CoverReveal

RUTHLESS ARRANGEMENT by @Author_BrookeS Summers

May 26, 2023

Amazon: https://t.co/ejDXj1tt4V
Apple Books: https://t.co/UejU6nrPqU
Nook: https://t.co/eSwrWKN9F5
Kobo: https://t.co/t6oMax2kl9
Goodreads: https://t.co/ESOAT21rFn https://t.co/IC9iLp0to7"
82,2023-03-01 18:58:09+00:00,"@variablygeeky @NanoPierogi Agreed, nothing completely earth shaking, but capitalists will always get their pound of flesh!

Apple Insider does a good job posting deals when there's a big discount on Amazon or elsewhere that isn't covered in their price matrix as well"
83,2023-03-01 18:57:37+00:00,"#CoverReveal

RUTHLESS ARRANGEMENT by @Author_BrookeS Summers

May 26, 2023

Amazon: https://t.co/gALsm5x0gi
Apple Books: https://t.co/mLkGbLrGrl
Nook: https://t.co/WeXnd9HFGa
Kobo: https://t.co/7IPoSEzfvI
Goodreads: https://t.co/dnLsf4NJdb https://t.co/GCnQwKhyIS"
84,2023-03-01 18:57:16+00:00,"Thought I have given up? Neva! Here is an episode. I talk about Last of Us, the importance on NOT SPREADING NEGaTIVE VIBES and also Bautista being a bit snobbish. Also available on Apple, Google, Amazon, Spotify...  https://t.co/n6C591HS9A"
85,2023-03-01 18:56:49+00:00,"@diegoschueng Your honor (Amazon prime)
The morning show (Apple tv)
Only murders in the building"
86,2023-03-01 18:54:39+00:00,"Check out Season 6:E8 of the Creator Community podcast where I join @jcs_optimizer  and discuss my Amazon best-selling book NetWORKing Excellence: (order here: https://t.co/9FWciUBx9K)

Listen on Apple: https://t.co/z5TF2BozHO
Watch on YouTube: https://t.co/0lHKYNPoqf https://t.co/UyYFlUGZF5"
87,2023-03-01 18:54:13+00:00,"Enjoy my new track 
#distrokid #spotify #playlist #playlists 
#amazon #apple #itunes #music

https://t.co/QO9CxnZWKp"
88,2023-03-01 18:49:14+00:00,"Amazon [$1,198.96, $199.01 (17%) off]: Apple 2022 MacBook Air Laptop with M2 chip:

üõí https://t.co/iSVko36Neb 

üõç https://t.co/ybEqmdShoP

 ‚è∞ 18:49:12 #ad https://t.co/z2l31P3XTz"
89,2023-03-01 18:47:11+00:00,"‚ÄûDeals: M2 Mac mini Amazon lows start at $549, iPhone 14 MagSafe leather cases $39, more‚Äú ‚Äî via 9to5Mac
#Apple #M2
https://t.co/veqa83EVev"
90,2023-03-01 18:46:04+00:00,"@DonaldJTrumpJr ‚ô¶Ô∏èDid you know @Jim_Jordan is also Big Tech's most powerful champion in the House?
For 3 years, he has sabotaged bipartisan antitrust reforms to hold accountable trillion-dollar Big Tech monopolists Google, Amazon, Facebook, &amp; Apple. 

https://t.co/h3XtWceptg"
91,2023-03-01 18:45:45+00:00,"In a #democracy people pay the fee for the excellent work delivered.
Pay please for the last few years of unpaid social media and promotion work. 
Best Love 
Bye now 
#Facebook #Meta #Linkedin #Twitter #Apple #Google #Amazon #Tesla #SpaceX #Microsoft #LVM‚Ä¶https://t.co/0eiXBdW6kY"
92,2023-03-01 18:44:46+00:00,"Meet our guest for Episode 26 of The Rubio Method, @Coach_Holzer 
‚Äî‚Äî
For the full episode, please go to YouTube, Apple Podcasts, Spotify, Google, Amazon and, of course, https://t.co/4NYctKs1Tr! #MentalHealth #MensHealth https://t.co/ZrZO4XxdfK"
93,2023-03-01 18:44:32+00:00,üò±üîùüîùhttps://t.co/XjeYrUvChO *13 MINI 512GB! FRETE GRATIS AMAZON* Apple iPhone 13 mini (512 GB) - (PRODUCT) RED *R$5759.10 NO BOLETO OU PIX*
94,2023-03-01 18:43:19+00:00,@QuaiNetwork @ConsenSys @Tesla @amazon @Apple Good
95,2023-03-01 18:37:27+00:00,"""Curiosity is insubordination in its purest form.""
~Vladimir Nabokov

‚ÄúCuriosity is a shit-starter‚Äù
~B.Brown

393: Apple, Amazon Flaws, CHIPS, Supermassive Black Holes, Tim Urban, Marc Andreessen, Fertility, Tiktok, and Batman + Fury Road, by @LibertyRPF https://t.co/XE8qCjVZ6i"
96,2023-03-01 18:37:21+00:00,"@coachevans2299 @KristenLive Here's a few links. It's also on Amazon Prime Video and Apple TV.
https://t.co/BXv6fv9UFG"
97,2023-03-01 18:36:58+00:00,"Enjoy my new track 
#distrokid #spotify #playlist #playlists 
#amazon #apple #itunes #music

https://t.co/OATseYrBQ9"
98,2023-03-01 18:36:43+00:00,Hearing GK struck out with the Amazon/ESPN deal and it‚Äôs not even going to the table for a vote-presidents asking him to go back to the networks and negotiate it higher. Apple negotiations keep putting along at a snails pace.
99,2023-03-01 18:35:07+00:00,"@dvassallo I put my first app on the App Store without most of that list. I let Apple tell me what it needed. 

Same with my books on Amazon. I think my early ones have a single Copyright 2020 by Michael Callaghan notice. 

I did invest in decent covers for them because I'm not artistic."
100,2023-03-01 18:35:04+00:00,"13-inch #Apple M2 #MacBook Airs on sale for up to $150 off MSRP at #Amazon today, free shipping: https://t.co/K9MO1370Ng"
101,2023-03-01 18:34:47+00:00,Dog this weekly on my Amazon they be tearing my cashapp card up and I don‚Äôt even wanna start with apple https://t.co/iQiT6es7i9
102,2023-03-01 18:32:13+00:00,"Enjoy my new track 
#distrokid #spotify #playlist #playlists 
#amazon #apple #itunes #music

https://t.co/w2PiZiugGx"
103,2023-03-01 18:31:36+00:00,"Alicia Keys - Not Even The King. 
https://t.co/GzeSX6ETJV  
#NowPlaying #NewMusic #NewBooksSmell  
#Apple #iTunes #Tidal #Amazon #Daily"
104,2023-03-01 18:30:24+00:00,Apple Airpods In-Ear Bluetooth Wireless Headset (Renewed) https://t.co/fHLtV0bIqR via @amazon
105,2023-03-01 18:30:14+00:00,"Enjoy my new track 
#distrokid #spotify #playlist #playlists 
#amazon #apple #itunes #music

https://t.co/3Rq18nLZih"
106,2023-03-01 18:29:48+00:00,"@Nouman_one @ShibaInuWarri0r @LucieSHIB @BlackRock @Vanguard_Group @StateStreetGA @Fidelity @CapitalGroup @Apple @Microsoft @Google @amazon @Tesla Same here! #Shibarmy 
Prove it!"
107,2023-03-01 18:29:42+00:00,"@noahbattles @josealvarezn They‚Äôre similar enough that you can use either on a book-by-book basis.

I use both, but tend to use Kindle for non-fiction because of integration with Readwise.

Cool thing about Apple Books: they actually have comics these days! Feels like Comixology before Amazon bought them."
108,2023-03-01 18:29:33+00:00,Apple's 2nd Generation AirPods are under $100 on Amazon right now https://t.co/R3f7LaljYq
109,2023-03-01 18:25:06+00:00,"@milesdeutscher Thanks for ur genuine question. 

Let me ask when did warren buffet invested in #Apple or #google or #Amazon ? 

Ur answer will answer my question and ur question. üôèü§ù"
110,2023-03-01 18:24:58+00:00,"Enjoy my new track 
#distrokid #spotify #playlist #playlists 
#amazon #apple #itunes #music
https://t.co/q3bhxmYFMz"
111,2023-03-01 18:24:58+00:00,"Enjoy my new track 
#distrokid #spotify #playlist #playlists 
#amazon #apple #itunes #music

https://t.co/1pWJZd8SaV"
112,2023-03-01 18:24:45+00:00,"Enjoy my new track 
#distrokid #spotify #playlist #playlists 
#amazon #apple #itunes #music

https://t.co/MMc4sLj2nH"
113,2023-03-01 18:21:40+00:00,"Last 10 Years...
Bitcoin $BTC: +68,567%
Tesla $TSLA: +8,579%
NVIDIA $NVDA: +7,663%
AMD $AMD: +3,058%
Netflix $NFLX: +1,088%
Apple $AAPL: +980%
Microsoft $MSFT: +978%
Amazon $AMZN: +606%
Facebook $META: 551%
Google $GOOGL: +353%
S&amp;P 500 $SPY: +215%
US CPI: +30%
Gold $GLD: +12%"
114,2023-03-01 18:20:27+00:00,"Apple AirPods (2nd Generation) is $161.79 at Amazon, was $166.98 #ad: https://t.co/GHO411jAiK https://t.co/hUtQ3z5BCk"
115,2023-03-01 18:20:11+00:00,"@SciGuySpace My bet is on Lockheed. Boeing can use the money and needs to focus on stabilizing &amp; regrowing its core business. For Apple &amp; Amazon, impact on financials &amp; stockholders isn‚Äôt a structural fit. In legacy aero, Lockheed has the chops &amp; $ to compete &amp; innovate here."
116,2023-03-01 18:19:16+00:00,"2021 Apple iPad Pro (12,9 inch, wifi, 2 TB), zilver (5 generatie) https://t.co/6yjMuick3g #Amazon via @Amazon"
117,2023-03-01 18:17:43+00:00,"Check out the Malliard Podcast and get all your favorite Podcast links like #Apple, #Tunein, #iHeart, #Spotify and #Amazon all in one place! https://t.co/NsT2f0tijf #Malliard https://t.co/nWHcl6NLJN"
118,2023-03-01 18:11:02+00:00,"Subscribe to the @nick_digilio Podcast now! New Episodes Tuesdays &amp; Fridays

Apple https://t.co/HuzhLz5Efg

Android https://t.co/JQRqubdwbq

Amazon https://t.co/On3S1vgrOZ

Spotify https://t.co/RB8EzMI3C7

Listen on another platform? Just search for 'Radio Misfits'"
119,2023-03-01 18:10:42+00:00,Murder By Plane by T.E. Avery https://t.co/BnqbH5wtFT #amazon #Kindle #mystery #suspense #thriller #Ebook #ereaders #Apple #nook
120,2023-03-01 18:10:11+00:00,He lost everything ‚Äì revenge would be his. #Scottish #books #romance #RomanceReaders #ebooks #amreading #readingromance #readerscommunity  #Scotland AMAZON ‚Äì https://t.co/0ihv3tE3cN NOOK ‚Äì https://t.co/yKuemsNN39 APPLE ‚Äì https://t.co/Ynnjo8ywGf KOBO - https://t.co/MULQ8Ts54Q https://t.co/vFCUwYf580
121,2023-03-01 18:08:18+00:00,@skinnypunch Everything cant be made for in house platforms some has to go to outside platforms which is why ABC signature has sold shows to Apple and Amazon too
122,2023-03-01 18:08:13+00:00,"Enjoy my new track 
#distrokid #spotify #playlist #playlists 
#amazon #apple #itunes #music

https://t.co/FWmF6m9Cv4"
123,2023-03-01 18:08:07+00:00,"Designed to impress! The 2023 #Kia #Sportage offers Standard Apple CarPlay/AndroidAuto, available Dual Panoramic Displays, and Amazon Alexa voice command.

See our entire new #KiaSportage inventory: https://t.co/Wknfvdaj2H https://t.co/EsXO2uJ8Hg"
124,2023-03-01 18:07:47+00:00,"crockpolls: Beats Solo3 Wireless On-Ear Headphones - Apple W1 Headphone Chip, Class 1 Bluetooth, 40 Hours of Listening Time, Built-in Microphone - Black (Latest Model) https://t.co/qyfIzvY1Gh via @amazon 35% Off!! 
#ad"
125,2023-03-01 18:07:20+00:00,"üéß Listen to the episode on your favorite platform.

Spotify: https://t.co/vya13nKWAf
Apple: https://t.co/ZNCp2WnLId
Amazon: https://t.co/IRaGI1Pn5s"
126,2023-03-01 18:05:45+00:00,"6hrs or üçéüéµ done... now atleast 5hrs of üì¶üéµ üòÖ 
If any has good OT7 Playlist for apple music and Amazon music please share some üôÉ https://t.co/vXfoR7IJMx"
127,2023-03-01 18:03:35+00:00,"As an FYI.  Held or hold now:
Last 10 Years...
Bitcoin $BTC: +68,567%
Tesla $TSLA: +8,579%
NVIDIA $NVDA: +7,663%
Apple $AAPL: +980%
Microsoft $MSFT: +978%
Amazon $AMZN: +606%
Facebook $META: 551%
Google $GOOGL: +353%"
128,2023-03-01 18:03:00+00:00,"Apple AirPods Pro
2nd Generation Wireless Earbuds
List Price $249.00
Now $229.95
Amazon https://t.co/2JheEySbGE #ad https://t.co/rrlPWa1k9v"
129,2023-03-01 18:02:28+00:00,"""The Apothecary Diaries"" Vol. 7 eBook - Out Now!

J-Novel Club: https://t.co/e77fWjukF8
BOOKWALKER: https://t.co/n36qpLh4dQ
Nook: https://t.co/rwxWIDFErC
Amazon: https://t.co/2wmQZC5wHJ
Google: https://t.co/HDUBFz4CsO
Apple: https://t.co/3BixZ8N1JB
Kobo: https://t.co/3Ud8nFgtDE https://t.co/w6MuUhCosH"
130,2023-03-01 18:01:01+00:00,"@TCC86409558 @benonwine Red all the time 

Why would you take blue pill, why not red pill. If you take red pill you go back to 10 yrs old with info you have now. 
Depending on age 
Info
Amazon
Apple
Mobile phones
Apps 
Internet 
Electric cars 
Just that list would earn you more the 50 mill ü§∑"
131,2023-03-01 18:01:00+00:00,"Beats Solo3 Wireless On-Ear Headphones - Apple W1 Headphone Chip, Class 1 Bluetooth, 40 Hours of Listening Time, Built-in Microphone - Black (Latest Model) https://t.co/FCGhc14eMb via @amazon 35% Off!! 
#ad"
132,2023-03-01 18:00:26+00:00,"Episode 7 with Leilani Dowding

Podcast currently available on:
üì±YouTube
üéß Spotify
üéô  Amazon Music
üçè Apple Podcasts
üíª Google Podcasts

üîç That Nurse who Asks Questions

#hopinhope #thatnursewhoasksquestions #ukpodcast #podcast #moralrebel https://t.co/t3m4DzGkdO"
133,2023-03-01 18:00:02+00:00,"#Epilepsy care in #Ukraine: Dr. Olha Tychkivska

Listen or read the transcript at https://t.co/P373ZAuX9P. All #ILAE #SharpWavesPodcast episodes are also available on Spotify, Apple Podcasts, Google Podcasts, Amazon Music, iHeart Radio, and Stitcher.
@AlinaIvaniuk @yesILAE https://t.co/YgCMsIu3bz"
134,2023-03-01 17:56:18+00:00,"The @BoxingNewsED pod on its way! 

@alexsteedman &amp; @MattCBoxingNews bring you everything you need to know from the world of boxing. 

Listen on Spotify, Apple and Amazon music every week! https://t.co/MAyXRH75J0"
135,2023-03-01 17:55:11+00:00,He lost everything ‚Äì revenge would be his. #Scottish #books #romance #RomanceReaders #ebooks #amreading #readingromance #readerscommunity  #Scotland AMAZON ‚Äì https://t.co/0ihv3tE3cN NOOK ‚Äì https://t.co/yKuemsNN39 APPLE ‚Äì https://t.co/Ynnjo8ywGf KOBO - https://t.co/MULQ8Ts54Q https://t.co/LseFp68EMk
136,2023-03-01 17:51:35+00:00,"La Raza Centro Legal is a proud sponsor of this great film!  You can view it now through Amazon, Apple TV, Google Plus, Vudu, &amp; Kanopy. #LRCL #seekingasylum https://t.co/FpLW5bqp2A"
137,2023-03-01 17:49:49+00:00,"DROWNING by NYT bestselling author @T_J_Newman 
Available May 30
Pre-order now

Amazon: https://t.co/ynwNyVytcV
B&amp;N: https://t.co/IbqPGwuJYx
Indie: https://t.co/B9xOtNJP2O
Apple: https://t.co/cyGMv8NNru https://t.co/dPdGVh2P8R"
138,2023-03-01 17:49:03+00:00,"slimviews: 

Project Management without the Leadership Seminar

 https://t.co/ldiXaGJ0TX 

@CNBC @amazon @Apple $AMZN $APPL 
$GOOGL $FB @BW @WSJ @jpmorgan @nytimes 
@StateDept @ecb @TorontoStar @TIME @UN"
139,2023-03-01 17:48:54+00:00,"A Hateful Homicide Season 4 Episode 10 The Murder of Chyna Doll Gibson: ‚ÄúHome for Mardi Gras‚Äù is available on Audible, iHeart  Radio, Amazon Music, Apple and Spotify podcasts. 

Please continue to show your support of our Transgender, Gender Nonbinary, Intersex, and Two Spirits https://t.co/lpz6VpeZuc"
140,2023-03-01 17:47:47+00:00,@AmazonHelp Was not a phone it was a apple trackpad was normal Amazon
141,2023-03-01 17:46:19+00:00,"@w_s_bitcoin Tesla, Google, Apple, Amazon, Microsoft"
142,2023-03-01 17:45:00+00:00,"Apple AirTag
Amazon $29 https://t.co/WDdnh1JvQZ 
UK https://t.co/aQqBQBULGj 
Apple Leather Key Ring 
https://t.co/7dVVoR4Dcj #ad https://t.co/6y9ihhCFHy"
143,2023-03-01 17:36:17+00:00,"@tjparker @dp_oneill @elliotcohen Real consumerism in generic meds is @costplusdrugs

Amazon pharmacy isn't real consumerism. Real consumerism doesn't involve a system of artificial U&amp;Cs to maintain high TPP reimb

Grocery store doesn't charge my ""food insurer"" a difrnt price for apples. There is no food insurer"
144,2023-03-01 17:30:01+00:00,"Apple's flagship #iPhone14 is being offered with a hefty discount on Amazon. Grab it for just Rs. 53799 this way.

https://t.co/rWMNoCBe6b"
145,2023-03-01 17:29:39+00:00,"Last 10 Years...
Bitcoin $BTC: +68,567%
Tesla $TSLA: +8,579%
NVIDIA $NVDA: +7,663%
AMD $AMD: +3,058%
Netflix $NFLX: +1,088%
Apple $AAPL: +980%
Microsoft $MSFT: +978%
Amazon $AMZN: +606%
Facebook $META: 551%
Google $GOOGL: +353%
S&amp;P 500 $SPY: +215%
US CPI: +30%
Gold $GLD: +12%"
146,2023-03-01 17:29:08+00:00,"JPEF collaborated with Amazon Prime to bring Vitka‚Äôs remarkable story of bravery and resilience to a worldwide audience on its podcast Chutzpah: Hunters Presents True Stories Of Resistance. Listen in her own words on Amazon Music, Apple, or Spotify.
https://t.co/rRU41u4hMh"
147,2023-03-01 17:25:29+00:00,"Like Itüëç from Dog Training &amp; Behavior Aids in Amazon

SalesRank No.4üòâ

Grannick's Care Dogs Bitter Apple No Ch‚Ä¶

It's harmless to dogs and doesn't leave a stain
 but the powerful ta‚Ä¶

https://t.co/4ZqJtzDCYf"
148,2023-03-01 17:25:00+00:00,"Need a little hope? 

Subscribe to #TheThingWithFeathersPod! We‚Äôre everywhere - Apple, Google, Amazon Music, iHeartRadio, or follow this link to Spotify.

Fernando Ortega is on this week, and he brings the üî•!

https://t.co/fIiqmwsWqc"
149,2023-03-01 17:23:10+00:00,"@hornerlawsons @THEAndrewWells @46n2Ahead @matthewdmarsden @ninaturner 3). The vast majority of patents are filed by a handful of companies. Amazon, Google, Microsoft and Apple basically built their businesses on patenting their workers ideas and their workers get nothing. 

4) A significant amount of patents are in fact inventions of government‚Ä¶"
150,2023-03-01 17:22:29+00:00,"3/ LISTEN NOW -&gt; https://t.co/QB5RJzBLu3
Spotify -&gt; https://t.co/e4nwmsY2KD
Apple -&gt; https://t.co/tfm1oLRHxa 
Amazon -&gt; https://t.co/SkdToTlCf7
Google -&gt; https://t.co/SY3bgHVqiE
#MentalHealth #Podcast #NowPlaying #NattyKing"
151,2023-03-01 17:21:16+00:00,"Doubling American manufacturing output in 20 to 30 years by AD 2043 to 2053 via robotization (part 4)

My transhumanism books are available at https://t.co/WSEkTxPQ0a, Amazon, Apple Books, Spotify, and other audiobook outlets. https://t.co/9fNj6nMY13"
152,2023-03-01 17:20:45+00:00,"ESPN is losing interest. 

Apple would take at least a few more months to put a deal together (for all content). 

Amazon still only wants a singular best game of the week.

No one else is interested.

Gulp."
153,2023-03-01 17:20:03+00:00,"LISTEN: ""The Infinite Loop"" by @siftingmusic is out now! Stream or download the single on Spotify‚Äã - Apple Music‚Äã - Pandora‚Äã - Deezer‚Äã - Amazon Music‚Äã - Tidal - YouTube Music - Soundcloud‚Äã and other DSPs worldwide! https://t.co/MKGDn0sBjn"
154,2023-03-01 17:19:21+00:00,"https://t.co/yEEcXfP0lb

This podcast is also available on Apple Podcasts, https://t.co/9kUwf12HM5, Amazon Music, Samsung Podcasts, Podcast Index, and Listen Notes! 

Thanks again to @pranshuland for all his hard work in making this possible. Thanks for listening!"
155,2023-03-01 17:15:29+00:00,"Last 10 Years...
Bitcoin $BTC: +68,567%
Tesla $TSLA: +8,579%
NVIDIA $NVDA: +7,663%
AMD $AMD: +3,058%
Netflix $NFLX: +1,088%
Apple $AAPL: +980%
Microsoft $MSFT: +978%
Amazon $AMZN: +606%
Facebook $META: 551%
Google $GOOGL: +353%
S&amp;P 500 $SPY: +215%
US CPI: +30%
Gold $GLD: +12%"
156,2023-03-01 17:14:56+00:00,"50% off Silicone Apple Watch Band
Code: 50T9ZHGA
Reg. price: $9.99
Final Price: $4.99
End: 2023-3-5
https://t.co/wMQpMJ4Rr1
üëâüëâPrice subject to change
#Ad #MAR012023 #amazon https://t.co/sWLNeO514C"
157,2023-03-01 17:12:31+00:00,"crockpolls: Apple AirPods (2nd Generation) Wireless Earbuds with Lightning Charging Case Included. Over 24 Hours of Battery Life, Effortless Setup. Bluetooth Headphones for iPhone https://t.co/t1eBE2sFTy via @amazon 38% Off!!
#ad"
158,2023-03-01 17:12:00+00:00,"Apple AirPods (2nd Generation) Wireless Earbuds with Lightning Charging Case Included. Over 24 Hours of Battery Life, Effortless Setup. Bluetooth Headphones for iPhone https://t.co/LWIq5CXIt8 via @amazon 38% Off!!
#ad"
159,2023-03-01 17:11:39+00:00,"The Apex bike was broken when it arrived. 

Ended up ordering a generic bike that supports @GoZwift on Amazon. Such a cool setup! Thanks @JamesQuigley for the idea. 

Connects to my Apple Watch too for heart rate. So awesome!

So fun being able to cycle with real people online. https://t.co/hd0mwsoMzY"
160,2023-03-01 17:11:19+00:00,"Engadget:""Apple's M2 Mac mini falls to a new low of $549"" 
Last week, Apple's new M2 Mac mini saw its first discount on Amazon, but now it's dropped even further, with a full $50 off the list price at B&amp;H Photo. The discount applies to the the 256GB mini‚Ä¶ https://t.co/U7qh8aqioE"
161,2023-03-01 17:09:18+00:00,@NICKIMINAJ @onamp her big ass can‚Äôt afford Apple Music anymore she had to go to Amazon  https://t.co/gMP7shlcgo
162,2023-03-01 17:07:42+00:00,@Nouman_one @LucieSHIB @BlackRock @Vanguard_Group @StateStreetGA @Fidelity @CapitalGroup @Apple @Microsoft @Google @amazon @Tesla I'm living proof that it's not.
163,2023-03-01 17:06:32+00:00,"#apple #tech #mac - Deals: M2 Mac mini Amazon lows start at $549, iPhone 14 MagSafe leather cases $39, more - https://t.co/8nZ9yAZ7nF -&gt; @Davidjcc_Zgz https://t.co/AhGK9eZThL"
164,2023-03-01 17:05:25+00:00,"~Of Monsters and Men‚Äôs Nanna on Godzilla Movies, Aaron Dessner, and Freezing Her Buns on a Glacier~ 
https://t.co/VeKlmDFO1p
Listen via¬†Apple Podcasts¬†|¬†Spotify¬†|¬†Google Podcasts¬†|¬†Amazon Podcasts¬†|¬†Stitcher¬†|¬†Pocket Casts¬†|¬†Radio Public¬†|¬†RSS Of Monsters and Men co-founder ... https://t.co/ZBAK3rRYoR"
165,2023-03-01 17:02:38+00:00,"@hmbrwrpdx @DSH_Newton You don't want my honest opinion if you think Apple and Amazon will pay what the Pac12 needs to be competitive, especially if it's only looking to license 1-2 games a week to that service. At this rate it could end up on Tubi and I wouldn't blink an eye."
166,2023-03-01 17:01:55+00:00,Find it at VOCOlinc official website https://t.co/dnhineN8Bk and Amazon official VOCOlinc site #apple #apple2023 #applehomekit #vocolinc #ls3 #ls3lightstrip #smartlightstrip #appletech #appletechnology #applereel #homekit #homekit2023 #technology #applegeek
167,2023-03-01 17:00:46+00:00,"It's no longer a question of whether @intel CEO will call @netanyahu, but more when. And same goes for @amazon @Microsoft @IBM @Apple @Google @facebook.. 
#judiciaryreform #fightfordemocracy #democracy https://t.co/QKV1fgiokT"
168,2023-03-01 17:00:43+00:00,@nickrcody @DSH_Newton What minor service do you think the P12 is going to be relegated to?  If it's Amazon or Apple many sports bars will already have access to those platforms.  MLS is now on Apple and local bar had it on this weekend. Saw the NFL on Amazon at multiple bars this year.
169,2023-03-01 17:00:38+00:00,"10% of your entire portfolio will be in 4 tech stocks (Apple, Microsoft, Amazon, Google) üìä 

These seem to be the opposite of the type of company that will perform the best in the coming years. 

Are you comfortable with that‚Ä¶? ü§î"
170,2023-03-01 17:00:07+00:00,"Episode 297 is up!

https://t.co/rgIcXRuyUK

2DM episodes are also available on Facebook, Apple Podcasts, Google Podcasts, Amazon Music, Stitcher and Spotify. https://t.co/5NVVckl3cK"
171,2023-03-01 16:57:53+00:00,"Yes. #Hollywood, #Moon, here we come! 

My #LadyRocket show will be pitched to ‚Å¶@JeffBezos‚Å© #Amazon, #Apple‚Ä¶ #Paramount ‚Ä¶ 
and will bring #LunarLuxury Fashion,  ‚Å¶@spaceibles‚Å© Art, #satellite rhinos,with look into where Space program started - #Copernicus in Poland! https://t.co/O5ie8qNhux"
172,2023-03-01 16:57:46+00:00,Is the PAC12 truly teetering or will Kliavkoff &amp; Co pull off a ESPN/Amazon ESPN/Apple linear/streaming deal that can hold the conference together?
173,2023-03-01 16:55:11+00:00,He lost everything ‚Äì revenge would be his. #Scottish #books #romance #RomanceReaders #ebooks #amreading #readingromance #readerscommunity  #Scotland AMAZON ‚Äì https://t.co/0ihv3tE3cN NOOK ‚Äì https://t.co/yKuemsNN39 APPLE ‚Äì https://t.co/Ynnjo8ywGf KOBO - https://t.co/MULQ8Ts54Q https://t.co/Bk6PK8YVMg
174,2023-03-01 16:50:18+00:00,"Let's üëè pack üëè the üëè Stroh üëè for @BGSUwbb tonight at 5 p.m! There will be free pizza for the first 500 students and a chance to win..

üì∫ Smart TV
üíµ 2, $100 Amazon Gift Cards
üéß Apple AirPods Pro
ü•§2 Stanley Cups
ü•ó Lunch with @Pres_Rogers for a student and 2 friends https://t.co/aBN24RgrdT"
175,2023-03-01 16:50:13+00:00,"~New Shows in March 2023: TV Premieres for Hulu, Amazon, and Apple TV~ 
https://t.co/cOAA97gKZZ

The next few weeks bring series starring Olivia Colman, Kerry Washington, Riley Keough, Toni Collette, Dominique Fishback, Kiefer Sutherland, and Orville Peck. 

... https://t.co/VbKl3B5Jj4"
176,2023-03-01 16:49:31+00:00,"AmazonBasics Dual-Port USB Car Charger Adapter for Apple and Android Devices, 4.8 Amp, 24W, Black 
$8.54
https://t.co/NQG2wsErq3 #Amazon via @Amazon"
177,2023-03-01 16:49:13+00:00,"Watch Bleav on GlewedTV through your Roku, Amazon Fire, or Apple TV device!"
178,2023-03-01 16:48:56+00:00,"The NASDAQ 100, an index that tracks tech and growth-oriented stocks like Apple $AAPL, Amazon $AMZN, and Tesla $TSLA, is showing signs of pullback and volatility. https://t.co/X39Nj8v4sv"
179,2023-03-01 16:46:05+00:00,"On this episode of #TheSixFive, hosts @danielnewmanUV &amp; @PatrickMoorhead discuss:

1. @Amazon #Earnings
2. @Qualcomm Earnings
3. @Google Earnings
4. @AMD Earnings
5. @Apple Earnings
6. @Samsung Galaxy Unpacked

https://t.co/OnrnvEovF6 
#earnings @FuturumResearch @TheFuturumGroup https://t.co/WbIAQLoi7Y"
180,2023-03-01 16:45:23+00:00,"Enjoy my new track 
#distrokid #spotify #playlist #playlists 
#amazon #apple #itunes #music

https://t.co/DWy0wqe2ZE"
181,2023-03-01 16:42:57+00:00,"This week we are back with an episode of randomness or as we call it BS. Tangeants are our bread and butter and we roll with them where ever they take us, so join our journey with our guest, David.

Apple Music:
https://t.co/IaGI4yvDkc

Amazon Music:
https://t.co/c24vRZ9mW6"
182,2023-03-01 16:41:47+00:00,"Acompanhe/assine o MacMagazine no Ar via:

- Apple: https://t.co/nKeQSDULRJ
- Spotify: https://t.co/ZsOtehnbgR
- Amazon: https://t.co/DcvKEzrNSY
- Deezer: https://t.co/I8tPBpYHv5
- Google: https://t.co/VPqV66Xvej
- SoundCloud: https://t.co/2roYdHnhLI"
183,2023-03-01 16:35:24+00:00,"Episode #139:@ASCSRacing Champ @BlakeHahnRacing discusses his plans of a mixed schedule with ASCS @ASCoC @WorldofOutlaws @HighLimitRacing and more...

You can listen on Apple, Spotify, Stitcher, Google Podcast, Amazon Music, TuneIn, iHeart, and our site at https://t.co/bD6AlOqvNR https://t.co/eZqeZCZqUE"
184,2023-03-01 16:30:03+00:00,"@Rapscallion_Art Frankly when you start harassing people for buying the game you lose all fucking sympathy from me. Especially if you use Amazon, Twitter, Apple Products, Microsoft products too probably or really anything that comes from a big corp because SPOILER they all suck"
185,2023-03-01 16:29:59+00:00,"Apple AirPods (2nd Generation) Wireless Earbuds with Lightning Charging Case Included. Over 24 Hours of Battery Life, Effortless Setup. Bluetooth Headphones for iPhone https://t.co/pEuqHtgid3 via @amazon"
186,2023-03-01 16:29:40+00:00,"Glad to share it:

BofA expects Apple and Amazon to bid for NBA rights, total contract value seen at $50-75B"
187,2023-03-01 16:28:55+00:00,"We are excited to reveal the sizzling¬†cover for MEANT FOR ME¬†by Claudia Burgoa coming May 16!¬†Pre-Order at your favorite retailer!
¬†
#PreOrderHere
Amazon ‚û∫https://t.co/c7Rgaud8Ro
Apple Books ‚û∫https://t.co/63JAoTjXks
Nook ‚û∫https://t.co/1m8z8C3OLr
Kobo ‚û∫https://t.co/7wYys37JlH https://t.co/bJhdJjKirC"
188,2023-03-01 16:28:01+00:00,"My #HVAC #books on Apple Books  https://t.co/20arLSAee1
also found on Amazon and google books
Please share https://t.co/8IAmHm9Y1a"
189,2023-03-01 16:25:09+00:00,"Deals: Amazon Has Every Model of the 2022 iPad Air at All-Time Low Prices: Today we're tracking discounts across every model of the 2022 iPad Air, offering numerous all-time low prices on these tablets in multiple colors. In total,‚Ä¶ https://t.co/lLLUXCdkiV #Apple #Mac #Rumors https://t.co/S8N1v5PQ6C"
190,2023-03-01 16:20:54+00:00,"-Netflix
-Amazon Prime Video
-Apple TV+
-Microsoft 365
-Spotify Family
-Game Pass Ult..
-PSN+ Deluxe
-iCloud2TB
-HBOMAx
-Peacock Prem.
-HiDive
-Crunchyroll
-Adobe Creative Cloud"
191,2023-03-01 16:19:51+00:00,"@meantomyself Where's your TV? Cable is too expensive so we cut the cord...
Disney+
Netflix
You Tube (alternating with Hulu)
Apple TV
Amazon Prime
HBO
.... not sure we're saving any money any more."
192,2023-03-01 16:19:40+00:00,@DrPopCultureBG @allstarsuperpod You can still buy a streamed video on apple or amazon too for instance.
193,2023-03-01 16:19:31+00:00,@QuaiNetwork @ConsenSys @Tesla @amazon @Apple Amazing project
194,2023-03-01 16:19:17+00:00,@ShibaInuWarri0r @LucieSHIB @BlackRock @Vanguard_Group @StateStreetGA @Fidelity @CapitalGroup @Apple @Microsoft @Google @amazon @Tesla Shib is biggest scammer in the history of crypto
195,2023-03-01 16:18:32+00:00,"RT @cryptoseacom: #Bitcoin was the fastest $1 trillion asset! üöÄ

Microsoft: 44 years
Apple: 42 years
Amazon: 24 years
Google:  21 years
Bitcoin: 12 years"
196,2023-03-01 16:17:37+00:00,"@LucieSHIB I would love to see @BlackRock, @Vanguard_Group, @StateStreetGA, @Fidelity, or even @CapitalGroup, but if that's too far-fetch I'll be just as happy to see @Apple, @Microsoft, @Google, @amazon, and also @Tesla on board. #SHIBARIUM"
197,2023-03-01 16:14:40+00:00,"@Andymayoson @kirkminshow You can find every episode on Apple Podcast, Spotify, or YouTube. Prime members can listen ad-free on Amazon Music."
198,2023-03-01 16:11:04+00:00,"MY HOUSE exclusive clip - pre-order now (US only):

Apple TV: https://t.co/dsXetXzmv7
Amazon: https://t.co/kW1SSlN2ey

Carla lives locked in her house with her tyrannical father. When their isolation is interrupted, dark secrets emerge that redefine their existence. #MyHouseFilm https://t.co/ldVfsSzfLn"
199,2023-03-01 16:10:30+00:00,"@TheLibertyDoll No travel required. I can go to Amazon, Apple, or an online car buying service. I can spend all the money!"
200,2023-03-01 16:10:07+00:00,"@Ema64938090 @smerconish Censored by the US government through BigTech. Unedited Videos were pulled from YouTube, Parler was shut down by a collusion of google, Amazon, and Apple. People were banned from Facebook"
